-- phpMyAdmin SQL Dump
-- version 5.2.0
-- https://www.phpmyadmin.net/
--
-- Host: 127.0.0.1
-- Generation Time: Nov 08, 2022 at 02:40 AM
-- Server version: 10.4.25-MariaDB
-- PHP Version: 7.4.30

SET SQL_MODE = "NO_AUTO_VALUE_ON_ZERO";
START TRANSACTION;
SET time_zone = "+00:00";


/*!40101 SET @OLD_CHARACTER_SET_CLIENT=@@CHARACTER_SET_CLIENT */;
/*!40101 SET @OLD_CHARACTER_SET_RESULTS=@@CHARACTER_SET_RESULTS */;
/*!40101 SET @OLD_COLLATION_CONNECTION=@@COLLATION_CONNECTION */;
/*!40101 SET NAMES utf8mb4 */;

--
-- Database: `alscdb`
--

-- --------------------------------------------------------

--
-- Table structure for table `store_customers`
--

CREATE TABLE `store_customers` (
  `id` int(11) NOT NULL,
  `last_name` varchar(255) NOT NULL,
  `first_name` varchar(255) NOT NULL,
  `middle_name` varchar(255) NOT NULL,
  `address` varchar(255) NOT NULL,
  `b2_last_name` text NOT NULL,
  `b2_first_name` text NOT NULL,
  `b2_middle_name` text NOT NULL,
  `city_prov` varchar(255) NOT NULL,
  `zip_code` varchar(255) NOT NULL,
  `address_abroad` text NOT NULL,
  `birthdate` date DEFAULT NULL,
  `age` int(11) NOT NULL,
  `viber` varchar(25) NOT NULL,
  `gender` text NOT NULL,
  `civil_status` text NOT NULL,
  `employment_status` text NOT NULL,
  `email` varchar(255) NOT NULL,
  `phone` varchar(100) NOT NULL
) ENGINE=MyISAM DEFAULT CHARSET=latin1;

--
-- Dumping data for table `store_customers`
--

INSERT INTO `store_customers` (`id`, `last_name`, `first_name`, `middle_name`, `address`, `b2_last_name`, `b2_first_name`, `b2_middle_name`, `city_prov`, `zip_code`, `address_abroad`, `birthdate`, `age`, `viber`, `gender`, `civil_status`, `employment_status`, `email`, `phone`) VALUES
(70, 'SANCHEZ', 'LIEZL', 'SG', 'CULYANIN', '', '', '', 'PULILAN, BULACAN', '3002', '', NULL, 0, '', '', '', '', 'sanchez@gmail.com', '09123454546'),
(97, 'DIAZ', 'FRANCIS', '', 'Bocaue', '', '', '', 'Bulacan', '3000', '', '2022-10-11', 0, '', 'M', 'Single', 'Employed', 'sample@gmail.com', '09128457581'),
(110, 'Tantoco', 'Donita Rose', 'Pingol', 'San Pablo', 'Tantoco', 'Janry Kiel', 'Pingol', 'Malolos', '3000', 'California', '1996-12-09', 25, '+639678755116', 'F', 'Married', 'OCW', 'donitarosetantoco2028@gmail.com', '09678755116');

-- --------------------------------------------------------

--
-- Table structure for table `t_division`
--

CREATE TABLE `t_division` (
  `c_code` int(11) NOT NULL,
  `c_division` text NOT NULL
) ENGINE=InnoDB DEFAULT CHARSET=utf8mb4;

--
-- Dumping data for table `t_division`
--

INSERT INTO `t_division` (`c_code`, `c_division`) VALUES
(0, 'c_division'),
(1, 'Achievers - Direct'),
(1, 'Amazing'),
(1, 'Blue Lane 1'),
(1, 'Faith'),
(1, 'Acts'),
(1, 'Awesome'),
(1, 'Adrenaline'),
(2, 'Admiral-direct'),
(2, 'Baguettes'),
(2, 'Abundance'),
(3, 'Baguettes'),
(3, 'Excellent'),
(3, 'Altitude - Direct'),
(3, 'Magnificent'),
(3, 'Excel'),
(3, 'Celestial'),
(3, 'Fortune'),
(3, 'Admiral'),
(3, 'Governors'),
(4, 'Alpha'),
(4, 'Astra'),
(4, 'Atlas'),
(4, 'Absolute'),
(4, 'Anthurium - Direct'),
(4, 'Altruist'),
(4, 'Advent'),
(4, 'Aquarius'),
(5, 'Peak'),
(5, 'Fortitude'),
(5, 'Phoenix'),
(5, 'Bromeliads - Direct'),
(6, 'Prince'),
(6, 'Crown'),
(6, 'Prestige 1'),
(6, 'Prime'),
(6, 'Calypso - Direct'),
(6, 'Phenomenal'),
(6, 'Optimist'),
(6, 'Power'),
(7, 'Apex'),
(7, 'Brilliant'),
(7, 'Dynamic'),
(7, 'Genesis'),
(7, 'Paramount'),
(7, 'Elegance'),
(7, 'Cattleya - Direct'),
(7, 'Abba'),
(7, 'Grandslam'),
(7, 'Victorious'),
(7, 'Surmount'),
(7, 'Champion'),
(7, 'Benevolent'),
(8, 'Majesty'),
(8, 'Cherry Blossom - Direct'),
(8, 'Miracle'),
(8, 'Angels'),
(8, 'Righteous'),
(9, 'Pyramid'),
(9, 'Saviour'),
(9, 'Sun'),
(9, 'Lucky Charms'),
(9, 'Christop - Direct'),
(9, 'Green Peridot'),
(10, 'Achievers'),
(10, 'Blue Lane 1'),
(10, 'Chronicles - Direct'),
(10, 'Faith'),
(10, 'Amazing'),
(11, 'Gold'),
(11, 'Chrysanthemum - Direct'),
(11, 'Titanium'),
(12, 'Lighthouse'),
(12, 'Olympus'),
(12, 'Cornerstone - Direct'),
(12, 'Infinity'),
(13, 'Ingenious'),
(14, 'Crown-direct'),
(14, 'Empress'),
(14, 'Duchess'),
(15, 'Diamond - Direct'),
(15, 'Jabez'),
(15, 'Edifice'),
(15, 'Pearl'),
(16, 'Eagle-direct'),
(17, 'Obsidian'),
(17, 'Felsite-direct'),
(18, 'Gem-direct'),
(18, 'Heart'),
(18, 'Mahogany'),
(18, 'Topstar'),
(19, 'Emmanuel'),
(19, 'Pinnacle'),
(19, 'Virgo'),
(19, 'Aspen'),
(19, 'Gladiolus-direct'),
(19, 'Crest'),
(19, 'Taurus'),
(20, 'Gold'),
(20, 'Champion'),
(20, 'Grandslam-direct'),
(20, 'Abba'),
(20, 'Titanium'),
(20, 'Admiral'),
(20, 'Governors'),
(20, 'Magnificent'),
(20, 'Baguettes'),
(21, 'Felsite'),
(21, 'Granite 1'),
(21, 'Igneous'),
(21, 'Iris'),
(21, 'Hyacinth - Direct'),
(21, 'Waterlily'),
(21, 'Love'),
(21, 'Obsidian'),
(21, 'Chrysoprase'),
(22, 'Igneous - Direct'),
(22, 'Ebenezer'),
(22, 'Rubellite'),
(22, 'Stibnite'),
(23, 'Citrine'),
(23, 'Crusader'),
(23, 'Lifestream'),
(23, 'Marigold'),
(23, 'Tanzanite'),
(23, 'Treasure'),
(23, 'Jasmine - Direct'),
(23, 'Rainbow'),
(23, 'Horizon'),
(23, 'Sunbeam'),
(23, 'Shalom'),
(23, 'Aster'),
(23, 'Hollyhocks'),
(24, 'Crest'),
(24, 'Zenith'),
(24, 'Aspen'),
(24, 'Vertex'),
(24, 'Lotus - Direct'),
(24, 'Virgo'),
(24, 'Geranium'),
(24, 'Yellow Bell'),
(24, 'Pinnacle'),
(24, 'Gladiolus'),
(24, 'Emmanuel'),
(25, 'Pioneer'),
(25, 'Provident'),
(25, 'Paragon'),
(25, 'Predominant'),
(25, 'Magnolia - Direct'),
(25, 'Phyre'),
(25, 'Pine'),
(25, 'Prime'),
(25, 'Path Finder'),
(26, 'Righteous'),
(26, 'Clarion'),
(26, 'Majesty-direct'),
(26, 'Miracle'),
(26, 'Angels'),
(27, 'Felsite'),
(28, 'Blazing Star'),
(28, 'Aster'),
(28, 'Marigold-direct'),
(29, 'Jasper'),
(29, 'Gemini'),
(29, 'Magnolia'),
(29, 'Lotus'),
(29, 'Carnelian'),
(29, 'Everlasting'),
(29, 'Granite'),
(29, 'Cattleya'),
(29, 'Emerald'),
(29, 'Opal'),
(29, 'Silver'),
(29, 'Amethyst'),
(29, 'Sapphire'),
(29, 'Galaxy'),
(29, 'Alexandrite'),
(29, 'Blue Star'),
(29, 'Uranium'),
(29, 'Zircon'),
(29, 'Garnet'),
(29, 'Ivory'),
(29, 'Platinum'),
(29, 'Rose'),
(29, 'Bluestar'),
(29, 'Onyx'),
(29, 'Crystal'),
(29, 'Adamantine'),
(29, 'House Account'),
(29, 'Adventurer'),
(29, 'Amethyst-direct'),
(29, 'Pearl'),
(29, 'Topaz'),
(29, 'Rosequartz'),
(29, 'Jade'),
(29, 'Galaxy 16'),
(29, 'Zirconuim'),
(29, 'Morning Glory'),
(29, 'Sunflower'),
(29, 'Cetrine Quartz'),
(29, 'Opal Quartz'),
(29, 'Rock Quartz'),
(29, 'Chrystaline Quartz'),
(29, 'Citrine Quartz'),
(29, 'Turquoise'),
(29, 'Mercury'),
(29, 'Jet'),
(29, 'Jewels'),
(29, 'Broker'),
(29, 'Prestige'),
(29, 'Prestige I'),
(29, 'Jam Asia'),
(29, 'Golden Lion'),
(29, 'Chalcedony Quartz'),
(29, 'Sardonyx Quartz'),
(29, 'Moonstone'),
(29, 'Ruby Quartz'),
(29, 'Beryl'),
(29, 'Jasper Ii'),
(29, 'Silver I'),
(29, 'Sigya'),
(29, 'Amethyst I'),
(29, 'Mega'),
(29, 'White Stone'),
(29, 'Golden Eagle'),
(29, 'Pisces'),
(29, 'D Exponent'),
(29, 'Logistics'),
(29, 'Carnation'),
(29, 'West Avenue Network'),
(29, 'Task Force'),
(29, 'D Exponent I'),
(29, 'Cmo-direct Group'),
(29, 'Eagles International'),
(29, 'Magnificent'),
(29, 'Broker Intl I'),
(29, 'Antorium'),
(29, 'Broker-fareast'),
(29, 'Aquarius'),
(29, 'Broker Int. Ii'),
(29, 'Concordia Garcia'),
(29, 'Int. Operation'),
(29, 'Broker Int.'),
(29, 'House Accounts'),
(29, 'Copper'),
(29, 'Gold-2'),
(29, 'Diamond-2'),
(29, 'Aster'),
(29, 'Rockquartz'),
(29, 'Milestone'),
(29, 'Manila Group'),
(29, 'Bulacan Group'),
(29, 'Broker Int.-direct'),
(30, 'Altarose'),
(30, 'Ascend'),
(30, 'Gem'),
(30, 'Summit'),
(30, 'Pampanga - Direct'),
(30, 'Magnificat'),
(30, 'Marvelous'),
(30, 'Oasis'),
(30, 'Everest'),
(30, 'Juggernaut'),
(31, 'Precious - Direct'),
(31, 'Prominent'),
(31, 'Benevolent'),
(32, 'Power'),
(32, 'Prestige-direct'),
(32, 'Creative'),
(32, 'Strong'),
(32, 'Ingenious'),
(32, 'Innovative'),
(33, 'Prince- Direct'),
(33, 'Elite'),
(33, 'Royal'),
(33, 'Sunrise'),
(34, 'Marketing'),
(35, 'Reb'),
(36, 'Sampaguita'),
(36, 'Skyscraper'),
(36, 'Starlight'),
(36, 'Stargazer - Direct'),
(36, 'Gardenia'),
(36, 'Shamrock'),
(36, 'Smilax'),
(37, 'Atlas'),
(37, 'Advent'),
(37, 'Aquarius'),
(37, 'Gem'),
(37, 'Altarose'),
(37, 'Oasis'),
(37, 'The New Anthurium- Direct'),
(38, 'Treasure-direct'),
(38, 'Horizon'),
(38, 'Sunbeam'),
(38, 'Citrine'),
(38, 'Shalom'),
(38, 'Sun'),
(38, 'Green Peridot'),
(39, 'Sm/pc'),
(39, 'Employee Referral');

-- --------------------------------------------------------

--
-- Table structure for table `t_lots`
--

CREATE TABLE `t_lots` (
  `c_site` smallint(6) DEFAULT NULL,
  `c_block` smallint(6) DEFAULT NULL,
  `c_lot` smallint(6) DEFAULT NULL,
  `c_lid` int(11) NOT NULL,
  `c_lot_area` decimal(10,0) DEFAULT NULL,
  `c_price_sqm` double DEFAULT NULL,
  `c_remarks` text DEFAULT NULL,
  `c_status` varchar(255) DEFAULT NULL,
  `c_lot_type` varchar(255) DEFAULT NULL,
  `c_title` varchar(255) DEFAULT NULL,
  `c_lot_type_remarks` varchar(255) DEFAULT NULL,
  `c_title_owner` varchar(255) DEFAULT NULL,
  `c_previous_owner` varchar(255) DEFAULT NULL
) ENGINE=InnoDB DEFAULT CHARSET=utf8mb4;

--
-- Dumping data for table `t_lots`
--

INSERT INTO `t_lots` (`c_site`, `c_block`, `c_lot`, `c_lid`, `c_lot_area`, `c_price_sqm`, `c_remarks`, `c_status`, `c_lot_type`, `c_title`, `c_lot_type_remarks`, `c_title_owner`, `c_previous_owner`) VALUES
(150, 5, 5, 15000505, '5', 5, 't', 'On Hold', NULL, NULL, NULL, NULL, NULL),
(141, 23, 32, 14102332, '32', 23, 'fe', 'Sold', NULL, NULL, NULL, NULL, NULL),
(141, 1, 1, 14100101, '150', 7000, '', 'Available', NULL, NULL, NULL, NULL, NULL);

-- --------------------------------------------------------

--
-- Table structure for table `t_network`
--

CREATE TABLE `t_network` (
  `c_code` int(11) NOT NULL,
  `c_network` text NOT NULL
) ENGINE=InnoDB DEFAULT CHARSET=utf8mb4;

--
-- Dumping data for table `t_network`
--

INSERT INTO `t_network` (`c_code`, `c_network`) VALUES
(1, 'ACHIEVERS'),
(2, 'ADMIRAL'),
(3, 'ALTITUDE'),
(4, 'ANTHURIUM'),
(5, 'BROMELIADS'),
(6, 'CALYPSO'),
(7, 'CATTLEYA'),
(8, 'CHERRY BLOSSOM'),
(9, 'CHRISTOP'),
(10, 'CHRONICLES'),
(11, 'CHRYSANTHEMUM'),
(12, 'CORNERSTONE'),
(13, 'CREATIVE'),
(14, 'CROWN'),
(15, 'DIAMOND'),
(16, 'EAGLE'),
(17, 'FELSITE'),
(18, 'GEM'),
(19, 'GLADIOLUS'),
(20, 'GRANDSLAM'),
(21, 'HYACINTH'),
(22, 'IGNEOUS'),
(23, 'JASMINE'),
(24, 'LOTUS'),
(25, 'MAGNOLIA'),
(26, 'MAJESTY'),
(27, 'MANILA GROUP'),
(28, 'MARIGOLD'),
(29, 'OTHERS'),
(30, 'PAMPANGA'),
(31, 'PRECIOUS'),
(32, 'PRESTIGE 1'),
(33, 'PRINCE'),
(34, 'PSMI'),
(35, 'RE/MAX PREMIERE INC.'),
(36, 'STARGAZER'),
(37, 'THE NEW ANTHURIUM'),
(38, 'TREASURE'),
(39, 'VP/DIRECTOR OF SALES');

